full_name,description,html_url,matched_list,matched_count,pushed_at,size,stargazers_count,language,forks_count,vul_ids
rapid7/metasploit-framework,Metasploit Framework,https://github.com/rapid7/metasploit-framework,['metasploit module OR payload'],1,2022-05-25T05:22:13+0000,751918,27319,Ruby,12263,[]
beefproject/beef,The Browser Exploitation Framework Project,https://github.com/beefproject/beef,['exploit'],1,2022-05-25T02:25:55+0000,21678,7220,JavaScript,1672,[]
JustYose/exploit,None,https://github.com/JustYose/exploit,['exploit'],1,2022-05-25T20:07:55+0000,8,0,,0,[]
Krkn-Sec/Malware-Analysis-Challenges,"A collection of binaries created by me to simulate common malware techniques. The binaries aren't truly malicious. Any shellcode or payloads they execute either spawn a message box or pops calc. I'm not here to spread malware, only analysis techniques.",https://github.com/Krkn-Sec/Malware-Analysis-Challenges,['shellcode'],1,2022-05-25T17:00:56+0000,1860,0,PowerShell,0,[]
Serenalyw/PixelBot,PixelBot is a combination of an addon and a python program that exploits WoW API in order to automate characters and play the game alone (when you need 5 or 25 people).,https://github.com/Serenalyw/PixelBot,['exploit'],1,2022-05-25T21:17:16+0000,950,0,Lua,0,[]
THECRAZEDPOTATTO/Cookies.txt-exploit,add the JavaScript to your website once someone visits it tell them to run a simple script this will not get flagged by anti virus because the  virus code is in the google cookies file. Once the user runs the exe it looks for the code in the cookie file an,https://github.com/THECRAZEDPOTATTO/Cookies.txt-exploit,['exploit'],1,2022-05-25T14:15:58+0000,5,0,Python,0,[]
trhacknon/CVE-2021-27330,Triconsole 3.75 - Reflected XSS,https://github.com/trhacknon/CVE-2021-27330,['cve-2 OR cve_2'],1,2022-05-25T00:13:54+0000,0,0,,0,['CVE-2021-27330']
magicono43/DFU-Mod_Classic-Exploits,Adds Back Various Exploits From Classic Daggerfall That Were Fixed In Unity.,https://github.com/magicono43/DFU-Mod_Classic-Exploits,['exploit'],1,2022-05-25T00:27:51+0000,0,0,C#,0,[]
codingcore1/SILENT-EXCEL-XLS-EXPLOIT-CLEAN-v,None,https://github.com/codingcore1/SILENT-EXCEL-XLS-EXPLOIT-CLEAN-v,['exploit'],1,2022-05-25T01:05:54+0000,1,0,,0,[]
codingcore1/SILENT-PDF-EXPLOIT-CLEAN-v,None,https://github.com/codingcore1/SILENT-PDF-EXPLOIT-CLEAN-v,['exploit'],1,2022-05-25T01:06:43+0000,1,0,,0,[]
codingcore1/SILENT-DOC-EXPLOIT-CLEAN-v,None,https://github.com/codingcore1/SILENT-DOC-EXPLOIT-CLEAN-v,['exploit'],1,2022-05-25T01:07:29+0000,1,0,,0,[]
trhacknon/CVE-2020-29597,Csrf file upload insecure,https://github.com/trhacknon/CVE-2020-29597,['cve-2 OR cve_2'],1,2022-05-25T01:33:06+0000,7,0,Hack,0,['CVE-2020-29597']
ElusiveSquad/Backdoor-RCE,"404 Backdoor, allows you to execute commands remotely.",https://github.com/ElusiveSquad/Backdoor-RCE,['rce'],1,2022-05-25T02:09:37+0000,0,1,PHP,0,[]
yuuki1967/CVE-2021-44228-Apache-Log4j-Rce,None,https://github.com/yuuki1967/CVE-2021-44228-Apache-Log4j-Rce,"['cve-2 OR cve_2', 'rce']",2,2022-05-25T02:17:57+0000,0,0,Java,0,['CVE-2021-44228']
sanafathima418/Remote-Code-Execution-Engine,None,https://github.com/sanafathima418/Remote-Code-Execution-Engine,['remote code execution'],1,2022-05-25T02:40:04+0000,0,0,,0,[]
M4rcela/M4rcela,Config files for my GitHub profile.,https://github.com/M4rcela/M4rcela,['rce'],1,2022-05-25T04:41:14+0000,0,0,,0,[]
sbani/CVE-2022-29221-PoC,CVE-2022-29221 Proof of Concept Code,https://github.com/sbani/CVE-2022-29221-PoC,"['cve poc', 'cve-2 OR cve_2']",2,2022-05-25T06:27:41+0000,0,0,PHP,0,['CVE-2022-29221']
wshidamowang/Router,Router ZeroDay,https://github.com/wshidamowang/Router,['zeroday'],1,2022-05-25T06:53:57+0000,643,0,,0,[]
RGLoader/FakeAnim,A bootanim replacement that allows running full devkit shadowboots on a test kit using exploitable recovery version 11775.3,https://github.com/RGLoader/FakeAnim,['exploit'],1,2022-05-25T01:29:18+0000,1190,2,C,0,[]
CreatorG456/Crypto_Exchange_Arb,Exploiting Etherium arbitrage opportunities between exchanges,https://github.com/CreatorG456/Crypto_Exchange_Arb,['exploit'],1,2022-05-25T17:07:33+0000,761,0,Jupyter Notebook,0,[]
WLS-SD/MSF-Installer-Termux,Install Metasploit in Android (Termux),https://github.com/WLS-SD/MSF-Installer-Termux,['metasploit module OR payload'],1,2022-05-25T03:53:02+0000,16,0,Shell,0,[]
yuanLink/CVE-2022-26809,None,https://github.com/yuanLink/CVE-2022-26809,['cve-2 OR cve_2'],1,2022-05-25T00:57:52+0000,329,37,Python,18,['CVE-2022-26809']
cokeBeer/go-cves,收录go语言编写的项目、框架和组件出现的cve，或者一些相关的利用方式的文章,https://github.com/cokeBeer/go-cves,"['cve poc', 'exploit']",2,2022-05-25T07:11:40+0000,7449,7,,0,[]
OTAKKATO/ZeroDiscord,"A collection of Discord hacks, exploits & tools that is completely made using NodeJS.",https://github.com/OTAKKATO/ZeroDiscord,['exploit'],1,2022-05-25T09:57:31+0000,46,16,JavaScript,5,[]
mislavivanda/RF_DamnVulnerableDeFi,Exploiting smart contract vulnerabilities from https://www.damnvulnerabledefi.xyz/ as part of Computer Forensics college course.,https://github.com/mislavivanda/RF_DamnVulnerableDeFi,['exploit'],1,2022-05-25T17:49:28+0000,1599,0,Solidity,0,[]
Bone008/csp-demo,"A proof-of-concept of a Web application vulnerable to XSS, but applying different levels of Content-Security-Policy applied to prevent its exploitation. For educational purposes only!",https://github.com/Bone008/csp-demo,['exploit'],1,2022-05-25T14:38:09+0000,49,0,JavaScript,0,[]
GamehunterKaan/AutoPWN-Suite,AutoPWN Suite is a project for scanning vulnerabilities and exploiting systems automatically.,https://github.com/GamehunterKaan/AutoPWN-Suite,['exploit'],1,2022-05-25T16:39:07+0000,2621,4,Python,0,[]
DragonTechRoyale/CTF-Solutions,Solutions and exploits of CTF challenges I've successfully pwned,https://github.com/DragonTechRoyale/CTF-Solutions,['exploit'],1,2022-05-25T06:24:13+0000,21,0,Python,0,[]
improsec/SharpEventPersist,Persistence by writing/reading shellcode from Event Log,https://github.com/improsec/SharpEventPersist,['shellcode'],1,2022-05-25T13:53:48+0000,146,137,C#,21,[]
PTheyssen/dirtypipez-exploit-demo,None,https://github.com/PTheyssen/dirtypipez-exploit-demo,['exploit'],1,2022-05-25T09:02:05+0000,18,0,C,0,[]
BloxSafe/Backend,🚀 BloxSafe backend code.,https://github.com/BloxSafe/Backend,['exploit'],1,2022-05-25T17:07:36+0000,15911,5,JavaScript,4,[]
Crypt00o/0x86-assembely-shellcodeing,exploitation with assembly shellcodeing and i write a tool to out shellcodeing ,https://github.com/Crypt00o/0x86-assembely-shellcodeing,"['exploit', 'shellcode']",2,2022-05-25T08:24:29+0000,4,4,Shell,0,[]
prok3z/Wordpress-Exploits,Tools To Scan and Exploit's WordPress,https://github.com/prok3z/Wordpress-Exploits,['exploit'],1,2022-05-25T01:13:00+0000,2209,14,Python,2,[]
isl/CIDOC-CRM-datasets,This repository contains datasets exploiting CIDOC CRM,https://github.com/isl/CIDOC-CRM-datasets,['exploit'],1,2022-05-25T14:11:54+0000,20,0,,0,[]
Elkamika/BleedingToothResearchs,My own exploit of the BleedingTooth vulnerability,https://github.com/Elkamika/BleedingToothResearchs,['exploit'],1,2022-05-25T07:27:50+0000,0,0,C,0,[]
th1l1n4/SNP-Project,Microsoft MSHTML remote code execution vulnerability,https://github.com/th1l1n4/SNP-Project,['remote code execution'],1,2022-05-25T06:18:10+0000,0,0,,0,[]
karandarjishack/CORS-Exploit,None,https://github.com/karandarjishack/CORS-Exploit,['exploit'],1,2022-05-25T06:32:23+0000,0,0,HTML,0,[]
Trinadh465/platform_external_gptfdisk_AOSP10_r33_CVE-2021-0308,None,https://github.com/Trinadh465/platform_external_gptfdisk_AOSP10_r33_CVE-2021-0308,['cve-2 OR cve_2'],1,2022-05-25T06:50:31+0000,0,0,,0,['CVE-2021-0308']
LastWRcs/Pegasus-Pantheon-HVNC-V2-VNC-Hidden-Browser-Remote-Administration-Rat,Clone Profile  Hidden Desktop  Hidden Browsers  Hidden Chrome  Hidden Chromodo  Hidden SlimJet  Hidden Sputnik  Hidden Awast Browser  Hidden UC Browser  Hidden Atom Browser  Hidden Opera Neon  Hidden Firefox  Hidden Edge  Hidden Brave  Hidden Palemoon  Hid,https://github.com/LastWRcs/Pegasus-Pantheon-HVNC-V2-VNC-Hidden-Browser-Remote-Administration-Rat,"['exploit', 'remote code execution']",2,2022-05-25T16:53:55+0000,633,1,C#,0,[]
bigzooooz/CVE-2022-30510,School Dormitory Management System 1.0 - Unauthenticated SQL Injection,https://github.com/bigzooooz/CVE-2022-30510,['cve-2 OR cve_2'],1,2022-05-25T16:32:44+0000,0,0,,0,['CVE-2022-30510']
DamienVesper/NitroType,"Metarepo of scripts, API docs, and patched exploits for NitroType.com",https://github.com/DamienVesper/NitroType,['exploit'],1,2022-05-25T16:33:00+0000,0,0,JavaScript,0,[]
bigzooooz/CVE-2022-30511,School Dormitory Management System 1.0 - Unauthenticated SQL Injection,https://github.com/bigzooooz/CVE-2022-30511,['cve-2 OR cve_2'],1,2022-05-25T16:35:48+0000,0,0,,0,['CVE-2022-30511']
bigzooooz/CVE-2022-30514,School Dormitory Management System 1.0 - Reflected XSS,https://github.com/bigzooooz/CVE-2022-30514,['cve-2 OR cve_2'],1,2022-05-25T16:43:30+0000,0,0,,0,['CVE-2022-30514']
bigzooooz/CVE-2022-30513,School Dormitory Management System 1.0 - Reflected XSS,https://github.com/bigzooooz/CVE-2022-30513,['cve-2 OR cve_2'],1,2022-05-25T16:47:07+0000,0,0,,0,['CVE-2022-30513']
LastWRcs/Pandora-Hvnc-Hidden-Browser-Real-Vnc-Working-Chromium-Edge-Opera-Gx,WebGL Support - Hidden Desktop - Copy/Paste internal - Encrypted Connection - File Manager Internal - C#/C+ + (Native) Crypter Compatibility - IPV4/ DNS Support - WD Exclusion No Popups - Quality Support - Browser Profile Cloner - Process Suspension - File,https://github.com/LastWRcs/Pandora-Hvnc-Hidden-Browser-Real-Vnc-Working-Chromium-Edge-Opera-Gx,['exploit'],1,2022-05-25T16:51:40+0000,1238,1,C,0,[]
LastWRcs/Alien-Crypter-Crack-Source-Code,"Crypter is intended for educational and research purposes only. This software should not be used within any system or network for which you do not have permission, nor should it be used for any illegal or illicit purposes. The author takes no responsibilit",https://github.com/LastWRcs/Alien-Crypter-Crack-Source-Code,['exploit'],1,2022-05-25T17:12:28+0000,135,1,C,0,[]
c0der3301/Silent-.DOC-Exploit-FUD-CRYPT-2022,Silent .DOC Exploit FUD CRYPT 2022,https://github.com/c0der3301/Silent-.DOC-Exploit-FUD-CRYPT-2022,['exploit'],1,2022-05-25T16:03:48+0000,0,0,,0,[]
LastWRcs/AsyncRAT-Fud-Fixed-Dll-Remote-Administration-Tool-New,This project includes the following Plugin system to send and receive commands Access terminal for controlling clients Configurable client manageable via Terminal Log server recording all significant events Features Include: Client screen viewer & recorder,https://github.com/LastWRcs/AsyncRAT-Fud-Fixed-Dll-Remote-Administration-Tool-New,['exploit'],1,2022-05-25T17:16:07+0000,200,1,C#,0,[]
Clabb2029/flags_app,A little exercise to integrate an API and exploit the data.,https://github.com/Clabb2029/flags_app,['exploit'],1,2022-05-25T19:02:28+0000,0,0,JavaScript,0,[]
kayoUwU/kaySploit,nan,https://github.com/kayoUwU/kaySploit,['sploit'],1,2022-05-25T19:17:52+0000,0,0,,0,[]
maddydevgits/rcew-hackathon-2022,"Official Repo of Hackathon on ML, AWS, Blockchain",https://github.com/maddydevgits/rcew-hackathon-2022,['rce'],1,2022-05-25T19:30:18+0000,0,0,,0,[]
Z4rkos/Web_Vulnerabilities_School_Project,"A repository containing websites I'm making for my school project ""Examining, exploiting and explaining common web appliaction vulnerabilities""",https://github.com/Z4rkos/Web_Vulnerabilities_School_Project,['exploit'],1,2022-05-25T22:30:31+0000,0,0,HTML,0,[]
DrW3b/ShellCodeRunner,Shell Code Runner in C# for Red teaming,https://github.com/DrW3b/ShellCodeRunner,['shellcode'],1,2022-05-25T23:39:40+0000,0,0,C#,0,[]
bigzooooz/CVE-2022-30512,School Dormitory Management System 1.0 - Unauthenticated SQL Injection,https://github.com/bigzooooz/CVE-2022-30512,['cve-2 OR cve_2'],1,2022-05-25T16:27:33+0000,0,0,,0,['CVE-2022-30512']
NanoAnubis/OSUP,Drupalgeddon 2 exploit scripts,https://github.com/NanoAnubis/OSUP,['exploit'],1,2022-05-25T16:14:39+0000,0,0,Shell,0,[]
trhacknon/CVE-2022-1292,None,https://github.com/trhacknon/CVE-2022-1292,['cve-2 OR cve_2'],1,2022-05-25T07:08:12+0000,0,0,Shell,0,['CVE-2022-1292']
Pear1y/CVE-2022-0540-Preauth-RCE,Atlassian Jira Seraph Authentication Bypass Preauth-RCE（CVE-2022-0540）,https://github.com/Pear1y/CVE-2022-0540-Preauth-RCE,"['cve-2 OR cve_2', 'rce']",2,2022-05-25T10:47:05+0000,0,0,,0,['CVE-2022-0540']
Trinadh465/external_lib_AOSP10_r33_CVE-2021-45960_CVE-2021-46143-,None,https://github.com/Trinadh465/external_lib_AOSP10_r33_CVE-2021-45960_CVE-2021-46143-,['cve-2 OR cve_2'],1,2022-05-25T09:09:45+0000,0,0,C,0,"['CVE-2021-45960', 'CVE-2021-46143']"
Trinadh465/packages_apps_Settings_AOSP10_r33_CVE-2020-0219_CVE-2020-0188,None,https://github.com/Trinadh465/packages_apps_Settings_AOSP10_r33_CVE-2020-0219_CVE-2020-0188,['cve-2 OR cve_2'],1,2022-05-25T09:39:53+0000,0,0,Java,0,"['CVE-2020-0188', 'CVE-2020-0219']"
psrsekhar/rcet,None,https://github.com/psrsekhar/rcet,['rce'],1,2022-05-25T09:57:58+0000,0,0,HTML,0,[]
Trinadh465/packages_apps_Settings_AOSP10_r33_CVE-2020-0219_CVE-2020-0188_old-one,None,https://github.com/Trinadh465/packages_apps_Settings_AOSP10_r33_CVE-2020-0219_CVE-2020-0188_old-one,['cve-2 OR cve_2'],1,2022-05-25T09:58:13+0000,0,0,Java,0,"['CVE-2020-0188', 'CVE-2020-0219']"
Trinadh465/packages_apps_Settings_AOSP10_r33_CVE-2020-0188_CVE-0219,None,https://github.com/Trinadh465/packages_apps_Settings_AOSP10_r33_CVE-2020-0188_CVE-0219,['cve-2 OR cve_2'],1,2022-05-25T10:05:24+0000,0,0,Java,0,['CVE-2020-0188']
TheLastCSM/ParserCVE,Python parser for getting recent exploited vulnerabilities,https://github.com/TheLastCSM/ParserCVE,['exploit'],1,2022-05-25T10:27:11+0000,0,0,Python,0,[]
xy123chen/MASS,MASS: Modality-collaborative semi-supervised segmentation by exploiting cross-modal consistency from unpaired CT and MRI images,https://github.com/xy123chen/MASS,['exploit'],1,2022-05-25T12:32:51+0000,34,0,Python,0,[]
c0der3301/Silent_Excel_Exploit_Builder_Fud_2022,Silent_Excel_Exploit_Builder_Fud_2022,https://github.com/c0der3301/Silent_Excel_Exploit_Builder_Fud_2022,['exploit'],1,2022-05-25T15:04:54+0000,0,0,,0,[]
iiAdmiistatedii/Exploits,Easily view exploits for Roblox and exploit faster.,https://github.com/iiAdmiistatedii/Exploits,['exploit'],1,2022-05-25T11:14:29+0000,0,0,,0,[]
exploitwritter/CVE-2022-29337,C-DATA FD702XW-X-R430 v2.1.13_X001 was discovered to contain a command injection vulnerability via the va_cmd parameter in formlanipv6. This vulnerability allows attackers to execute arbitrary commands via a crafted HTTP request.,https://github.com/exploitwritter/CVE-2022-29337,"['command injection', 'cve-2 OR cve_2']",2,2022-05-25T13:05:06+0000,0,1,Python,0,['CVE-2022-29337']
kizza2/NightExploit,None,https://github.com/kizza2/NightExploit,['exploit'],1,2022-05-25T13:09:10+0000,0,0,,0,[]
jusonalien/DefiAttackPocBox,nan,https://github.com/jusonalien/DefiAttackPocBox,['attack poc'],1,2022-05-25T13:44:18+0000,0,0,Solidity,0,[]
mTsB-security/Exploits,Exploits funcionais,https://github.com/mTsB-security/Exploits,['exploit'],1,2022-05-25T13:45:48+0000,0,0,Python,0,[]
LastWRcs/S-500-G2-Rat-Hvnc-Hidden-Broswers-Hidden-Apps-OperaGX-Rat-Remote-Malware,"S-500 G2 Is a Quality Remote Administration Tool + Hvnc, it offers support for 20 Hidden browsers.S-500 G2 hVNC can run a hidden desktop and can execute many browsers by copying the profile of the existing user and all this is completely hidden from the us",https://github.com/LastWRcs/S-500-G2-Rat-Hvnc-Hidden-Broswers-Hidden-Apps-OperaGX-Rat-Remote-Malware,['exploit'],1,2022-05-25T15:21:59+0000,2401,1,C#,0,[]
TitanVale/Titanium,"Paper fork which aims to be fast, fix exploits and bugs, improve API, and provide better configuration for server administrators",https://github.com/TitanVale/Titanium,['exploit'],1,2022-05-25T07:57:41+0000,415,1,Shell,0,[]
Mengnali-Dou/100-Days-Learn-Android-Exploit,100-Days-Learn-Android-Exploit,https://github.com/Mengnali-Dou/100-Days-Learn-Android-Exploit,['exploit'],1,2022-05-25T14:37:47+0000,704,1,Java,0,[]
infinitywings/IoT-Phantom-Delay-Attack,"Supplementary Materials of DSN 2022 paper ""IoT Phantom-Delay Attacks: Demystifying and Exploiting IoT Timeout Behaviors""",https://github.com/infinitywings/IoT-Phantom-Delay-Attack,['exploit'],1,2022-05-25T21:28:52+0000,159,0,Python,0,[]
amirzand2002/Semantic-Based-K-Means,Try to implement  Semantic-Based K-Means Clustering for Microblogs Exploiting Folksonomy paper by Jee-Uk Heu,https://github.com/amirzand2002/Semantic-Based-K-Means,['exploit'],1,2022-05-25T19:22:01+0000,39,2,Python,0,[]
metricq/metricq-webview,📈 A visualization of MetricQ data exploiting the advantages of the HTA db backend ,https://github.com/metricq/metricq-webview,['exploit'],1,2022-05-25T15:07:02+0000,3273,0,JavaScript,1,[]
Patrowl/PatrowlHearsData,"Open-Source Vulnerability Intelligence Center - Unified source of vulnerability, exploit and threat Intelligence feeds",https://github.com/Patrowl/PatrowlHearsData,['exploit'],1,2022-05-25T00:04:24+0000,584027,55,,21,[]
ARPSyndicate/xlocate,the ultimate exploits/references finder,https://github.com/ARPSyndicate/xlocate,['exploit'],1,2022-05-25T12:22:38+0000,42091,29,Python,6,[]
taipansec/exploit_code,Scripts that would help while pentesting,https://github.com/taipansec/exploit_code,['exploit'],1,2022-05-25T07:41:45+0000,272,0,Python,0,[]
dbudwin/react-secure-link,A React component to avoid a security exploit when opening a link in a new tab.,https://github.com/dbudwin/react-secure-link,['exploit'],1,2022-05-25T01:29:07+0000,353,3,TypeScript,1,[]
tencentcloud-sdk-php/rce,None,https://github.com/tencentcloud-sdk-php/rce,['rce'],1,2022-05-25T23:43:48+0000,97,0,PHP,0,[]
ARPSyndicate/cvemon,Monitoring exploits & references for CVEs,https://github.com/ARPSyndicate/cvemon,"['cve poc', 'exploit', 'vulnerability poc']",3,2022-05-25T05:48:37+0000,684098,114,,27,[]
th3ken-dev/TH3KEN-EDITION,None,https://github.com/th3ken-dev/TH3KEN-EDITION,['exploit'],1,2022-05-25T17:52:19+0000,4932354,4,Lua,0,[]
ycdxsb/PocOrExp_in_Github,聚合Github上已有的Poc或者Exp，CVE信息来自CVE官网。Auto Collect Poc Or Exp from Github by CVE ID.,https://github.com/ycdxsb/PocOrExp_in_Github,"['cve poc', 'exploit']",2,2022-05-25T04:52:52+0000,181319,409,Python,118,[]
crypt0sploit/crypt0sploit.github.io,nan,https://github.com/crypt0sploit/crypt0sploit.github.io,['sploit'],1,2022-05-25T18:32:21+0000,17849,0,CSS,0,[]
KiritoLoveAsuna/Exploits,Collected && Written N day Vulns for study purpose only ,https://github.com/KiritoLoveAsuna/Exploits,['exploit'],1,2022-05-25T07:31:58+0000,89785,94,Python,15,[]
BinaryDex/DexHub,The Next-Gen Roblox Exploit Hub,https://github.com/BinaryDex/DexHub,['exploit'],1,2022-05-25T22:31:01+0000,2843,5,Lua,3,[]
m3rcer/m3rcer.github.io,None,https://github.com/m3rcer/m3rcer.github.io,['rce'],1,2022-05-25T12:50:42+0000,24581,0,C#,0,[]
HeiTang/Zrss,RSS feeds for HITCON ZeroDay’s vulnerability list,https://github.com/HeiTang/Zrss,['zeroday'],1,2022-05-25T02:00:23+0000,23362,3,Python,0,[]
leonov-av/vulristics,Extensible framework for analyzing publicly available information about vulnerabilities,https://github.com/leonov-av/vulristics,['exploit'],1,2022-05-25T16:45:31+0000,1432,46,Python,6,[]
lsst-uk/lsst-ir-fusion,Development of code to exploit LSST and VISTA imaging,https://github.com/lsst-uk/lsst-ir-fusion,['exploit'],1,2022-05-25T15:58:45+0000,407977,1,Jupyter Notebook,0,[]
RectangularObject/boblox,omg stupid script kiddie go lick a shower drain,https://github.com/RectangularObject/boblox,['exploit'],1,2022-05-25T23:05:43+0000,673,0,Lua,0,[]
knownsec/pocsuite3,pocsuite3 is an open-sourced remote vulnerability testing framework developed by the Knownsec 404 Team.,https://github.com/knownsec/pocsuite3,['vulnerability poc'],1,2022-05-25T05:25:48+0000,3640,2482,Python,672,[]
buffer/thug,Python low-interaction honeyclient,https://github.com/buffer/thug,['shellcode'],1,2022-05-25T10:44:55+0000,46206,866,Python,205,[]
commixproject/commix,Automated All-in-One OS Command Injection Exploitation Tool.,https://github.com/commixproject/commix,"['command injection', 'exploit']",2,2022-05-25T04:32:00+0000,5517,3269,Python,694,[]
The-Art-of-Hacking/h4cker,"This repository is primarily maintained by Omar Santos and includes thousands of resources related to ethical hacking  / penetration testing, digital forensics and incident response (DFIR), vulnerability research, exploit development, reverse engineering, ",https://github.com/The-Art-of-Hacking/h4cker,['exploit'],1,2022-05-25T12:40:04+0000,74607,11531,Jupyter Notebook,1973,[]
hahwul/mad-metasploit,"Metasploit custom modules, plugins, resource script and.. awesome metasploit collection",https://github.com/hahwul/mad-metasploit,['metasploit module OR payload'],1,2022-05-25T00:28:03+0000,51980,303,Ruby,88,[]
dcs4cop/xcube,"xcube is a Python package for generating and exploiting data cubes powered by xarray, dask, and zarr.",https://github.com/dcs4cop/xcube,['exploit'],1,2022-05-25T15:10:12+0000,310237,103,Python,15,[]
soarqin/finalhe,"Final h-encore, a tool to push h-encore exploit for PS VITA/PS TV automatically",https://github.com/soarqin/finalhe,['exploit'],1,2022-05-25T15:23:24+0000,6163,516,C++,102,[]
JuliaDiff/SparseDiffTools.jl,Fast jacobian computation through sparsity exploitation and matrix coloring,https://github.com/JuliaDiff/SparseDiffTools.jl,['exploit'],1,2022-05-25T21:06:45+0000,499,140,Julia,25,[]
Zeczero/DiscordDataGrabber,🔧 The program that allows you to grab certain info about the victim,https://github.com/Zeczero/DiscordDataGrabber,['exploit'],1,2022-05-25T07:21:52+0000,4426,7,C#,1,[]
VoidSec/Exploit-Development,Exploit Development - Weaponized Exploit and Proof of Concepts (PoC) ,https://github.com/VoidSec/Exploit-Development,"['0day', 'exploit', 'rce', 'rce poc', 'shellcode']",5,2022-05-25T13:38:45+0000,187136,101,Python,28,[]
GoVanguard/pyExploitDb,"An optimized Python3 library to fetch the most recent exploit-database, create searchable indexes for CVE->EDBID and EDBID -> CVE, and provide methods to perform searches.",https://github.com/GoVanguard/pyExploitDb,['exploit'],1,2022-05-25T18:59:06+0000,6950,9,Python,3,[]
drb-ra/C2IntelFeeds,Automatically created C2 Feeds,https://github.com/drb-ra/C2IntelFeeds,['metasploit module OR payload'],1,2022-05-25T02:31:34+0000,274194,159,REXX,16,[]
bsauce/kernel-security-learning,"Anything about kernel security.  CTF kernel pwn, kernel exploit, kernel fuzz and kernel defense paper, kernel debugging technique, kernel CVE debug.",https://github.com/bsauce/kernel-security-learning,['exploit'],1,2022-05-25T00:01:18+0000,15677,330,C,51,[]
nomi-sec/NVD-Exploit-List-Ja,🔍NVD exploit & JVN(Japan Vulnerability Notes) easy description,https://github.com/nomi-sec/NVD-Exploit-List-Ja,['exploit'],1,2022-05-25T00:47:55+0000,11715,41,,21,[]
ails-lab/with,WITHCulture is a service that provides access to digital cultural heritage items from different repositories and offers a number of added-value services for the creative reuse and intelligent exploitation of that content.,https://github.com/ails-lab/with,['exploit'],1,2022-05-25T15:09:44+0000,106865,1,Java,2,[]
Cobalt-Strike/community_kit,"Cobalt Strike is a post-exploitation framework designed to be extended and customized by the user community. Several excellent tools and scripts have been written and published, but they can be challenging to locate. Community Kit is a central repository o",https://github.com/Cobalt-Strike/community_kit,['exploit'],1,2022-05-25T02:03:16+0000,2092,96,HTML,25,[]
MichaelSodeke/eng-cmp-prj--network-security,"Contains information about network security and how to discover and exploit security flaws in, but not limited to, web and mobile applications.",https://github.com/MichaelSodeke/eng-cmp-prj--network-security,['exploit'],1,2022-05-25T17:51:43+0000,38,0,,0,[]
b6m/GroupVcExploit,Sends Mass Api Requests Changing The Region In The Group VoiceChat Which Causes It To Time Out The VoiceChat,https://github.com/b6m/GroupVcExploit,['exploit'],1,2022-05-25T19:26:26+0000,11,0,Python,0,[]
ilijadivi/VisionExploit,None,https://github.com/ilijadivi/VisionExploit,['exploit'],1,2022-05-25T18:43:19+0000,17,0,,0,[]
trickest/cve,Gather and update all available and newest CVEs with their PoC.,https://github.com/trickest/cve,"['cve poc', 'exploit', 'vulnerability poc']",3,2022-05-25T01:55:18+0000,72424,2788,,350,[]
Threekiii/Awesome-Redteam,一个红队知识仓库,https://github.com/Threekiii/Awesome-Redteam,['exploit'],1,2022-05-25T09:48:14+0000,3071,333,,70,[]
efxtv/Metasploit-in-termux,Install metasploit without any error 2022 script by EFX Tv,https://github.com/efxtv/Metasploit-in-termux,['metasploit module OR payload'],1,2022-05-25T11:30:48+0000,5134,46,Shell,3,[]
Threekiii/Awesome-POC,一个各类漏洞POC知识库,https://github.com/Threekiii/Awesome-POC,['vulnerability poc'],1,2022-05-25T07:32:56+0000,715,44,,8,[]
bloxain/Roblox,"A Script For Roblox supported by krnl,trigon,synapse and uses synapse x undected funcs fast load with files and supports 8+ Games!",https://github.com/bloxain/Roblox,['exploit'],1,2022-05-25T04:52:33+0000,219,2,Lua,2,[]
glixxzzy/blooket-hack,Multiple game hacks to use so the game become easier to play!,https://github.com/glixxzzy/blooket-hack,['exploit'],1,2022-05-25T15:14:06+0000,1092,207,JavaScript,788,[]
hippolippo/RCE-Bingo,A project to generate bingo boards for filling out while watching Real Civil Engineer videos,https://github.com/hippolippo/RCE-Bingo,['rce'],1,2022-05-25T15:00:47+0000,245043,1,Python,0,[]
volkandindar/agartha,"a burp extension for dynamic payload generation to detect injection flaws (RCE, LFI, SQLi), creates access matrix based user sessions to spot authentication/authorization issues, and converts Http requests to Javascript for further XSS exploitation and mor",https://github.com/volkandindar/agartha,"['exploit', 'rce']",2,2022-05-25T20:17:11+0000,277,63,Python,19,[]
PeiQi0/PeiQi-WIKI-Book,面向网络安全从业者的知识文库🍃,https://github.com/PeiQi0/PeiQi-WIKI-Book,['0day'],1,2022-05-25T10:06:37+0000,549819,650,,135,[]
BENOSHITO/exploithosting.github.io,None,https://github.com/BENOSHITO/exploithosting.github.io,['exploit'],1,2022-05-25T14:31:17+0000,2053,0,Python,0,[]
DarlezSec/Monitorr-Version-1.7.6m,Exploit  Monitorr-Version-1.7.6m WriteUp Year Of The Jellifysh,https://github.com/DarlezSec/Monitorr-Version-1.7.6m,['exploit'],1,2022-05-25T04:10:04+0000,4,0,Python,0,[]
timbw-xyz/PearlFix,Simple plugin made for TimBW HCF to fix pearling noclip exploit. (WIP),https://github.com/timbw-xyz/PearlFix,['exploit'],1,2022-05-25T18:33:55+0000,9198,1,Java,0,[]
zxzxz1/Exploit_nokey,None,https://github.com/zxzxz1/Exploit_nokey,['exploit'],1,2022-05-25T20:41:23+0000,52497,0,Lua,0,[]
CLincat/vulcat,"vulcat可用于扫描web端漏洞(框架、中间件、CMS等), 发现漏洞时会提示目标url和payload, 使用者可以根据提示对漏洞进行手工验证",https://github.com/CLincat/vulcat,"['cve poc', 'vulnerability poc']",2,2022-05-25T12:06:43+0000,2148,9,Python,1,[]
lal0ne/vulnerability,收集、整理、修改互联网上公开的漏洞POC,https://github.com/lal0ne/vulnerability,"['vuln poc', 'vulnerability poc']",2,2022-05-25T08:02:42+0000,71986,45,Go,18,[]
jgamblin/CISA_Enrichment,CISA Known Exploited Vulnerabilities Catalog Enrichment,https://github.com/jgamblin/CISA_Enrichment,['exploit'],1,2022-05-25T00:33:43+0000,134895,2,Jupyter Notebook,0,[]
Wra7h/Single-Dose,Generate .NET Process Injection Binaries/Shellcode Loaders,https://github.com/Wra7h/Single-Dose,['shellcode'],1,2022-05-25T06:37:47+0000,141,39,C#,12,[]
MiloHaxx/ChairWare,"Official repository for ChairWare, a powerful script/exploit hub for Roblox!",https://github.com/MiloHaxx/ChairWare,['exploit'],1,2022-05-25T10:30:25+0000,1371,0,Lua,0,[]
SQLab/CRAXplusplus,"The exploit generator CRAX++ is CRAX with x86_64 ROP techniques, s2e 2.0 upgrade, code selection, I/O states, dynamic ROP, and more!",https://github.com/SQLab/CRAXplusplus,['exploit'],1,2022-05-25T03:40:12+0000,4218,48,C++,3,[]
gmatuz/inthewilddb,Hourly updated database of exploit and exploitation reports,https://github.com/gmatuz/inthewilddb,['exploit'],1,2022-05-25T01:48:30+0000,5701821,49,Python,8,[]
efxtv/EMSF,Fastest metasploit payload generator,https://github.com/efxtv/EMSF,['metasploit module OR payload'],1,2022-05-25T16:54:38+0000,10037,7,HTML,0,[]
zeroday0619/zerodayTTS,제로데이 TTS 디스코드 봇,https://github.com/zeroday0619/zerodayTTS,['zeroday'],1,2022-05-25T00:04:24+0000,90,4,Python,0,[]
mousepad01/python_binary_exploit_utilites,My own collection of usual functions that I use during binary exploitation training,https://github.com/mousepad01/python_binary_exploit_utilites,['exploit'],1,2022-05-25T07:29:06+0000,1230,1,Python,0,[]
JosephTLucas/CISA_KNOWN_EXPLOITED_VULNERABILITIES_CATALOG,Git Scraping project for CISA Known Exploited Vulnerability Catalog,https://github.com/JosephTLucas/CISA_KNOWN_EXPLOITED_VULNERABILITIES_CATALOG,['exploit'],1,2022-05-25T14:48:21+0000,401,2,,1,[]
hrbrmstr/cisa-known-exploited-vulns,Daily archiver for CISA's Known Exploited Vulnerabilities list,https://github.com/hrbrmstr/cisa-known-exploited-vulns,['exploit'],1,2022-05-25T10:48:15+0000,9202,12,,4,[]
FlorianWoelki/kira,A remote docker based sandbox code execution engine written in Go.,https://github.com/FlorianWoelki/kira,['remote code execution'],1,2022-05-25T07:31:53+0000,167,0,Go,0,[]
Harleythetech/MultiFW-RD-PS4,Multi FW Support Exploit Host For PS4.,https://github.com/Harleythetech/MultiFW-RD-PS4,['exploit'],1,2022-05-25T06:08:37+0000,2617,2,HTML,3,[]
pedro-andrade-inpe/forestExploitation,Model to simulate forest exploitation in Mato Grosso,https://github.com/pedro-andrade-inpe/forestExploitation,['exploit'],1,2022-05-25T02:45:22+0000,834,1,Lua,2,[]
Who-Is-E/Adeva-Global-AcBypass,"Global bypass for shitty anti cheats supports: Synapse, Scripware, Krnl (I think), and other exploits that has newcclousure, hookfuc, and suppoerts metatable hooking.",https://github.com/Who-Is-E/Adeva-Global-AcBypass,['exploit'],1,2022-05-25T00:58:22+0000,22,2,Lua,0,[]
NeuronAddict/log4shell-vuln,POC vulnerable to Log4Shell,https://github.com/NeuronAddict/log4shell-vuln,"['vuln poc', 'vulnerability poc']",2,2022-05-25T12:28:00+0000,4056,1,Java,0,[]
Psmths/reave,WIP Post-exploitation framework tailored for hypervisors.,https://github.com/Psmths/reave,['exploit'],1,2022-05-25T02:25:39+0000,397,32,Python,7,[]
TheConner/RustBot,A discord bot that safely executes whatever rust you throw at it. Remote code execution as a service,https://github.com/TheConner/RustBot,['remote code execution'],1,2022-05-25T16:00:21+0000,175,7,Rust,2,[]
webcindy/metasploit,None,https://github.com/webcindy/metasploit,['metasploit module OR payload'],1,2022-05-25T23:53:30+0000,0,0,,0,[]
